Population Set 1: CLM (N=60), MXL (N=66);
SNP;chromosome;position;genes;reference;ancestral;var;population;N;freq_A;freq_C;freq_G;freq_T;MA;MAF;Hobs;Hexp;Fs;Fst;In;,
rs1077835;chr15;58723426;LIPC;T;C;AG;Population Set 1;126;0.587;0.000;0.413;0.000;G;0.413;0.444;0.485;-;0.047;0.024;,
rs1077835;chr15;58723426;LIPC;T;C;AG;CLM;60;0.700;0.000;0.300;0.000;G;0.300;0.433;0.420;-0.032;-;-;,
rs1077835;chr15;58723426;LIPC;T;C;AG;MXL;66;0.485;0.000;0.515;0.000;A;0.485;0.455;0.500;0.090;-;-;,
rs11216230;chr11;116884789;SIK3;G;G;GA;Population Set 1;126;0.056;0.000;0.944;0.000;A;0.056;0.111;0.105;-;0.011;0.005;,
rs11216230;chr11;116884789;SIK3;G;G;GA;CLM;60;0.033;0.000;0.967;0.000;A;0.033;0.067;0.064;-0.034;-;-;,
rs11216230;chr11;116884789;SIK3;G;G;GA;MXL;66;0.076;0.000;0.924;0.000;A;0.076;0.152;0.140;-0.082;-;-;,
rs13392272;chr02;21217490;-;C;C;CT;Population Set 1;126;0.000;0.631;0.000;0.369;T;0.369;0.516;0.466;-;0.002;0.001;,
rs13392272;chr02;21217490;-;C;C;CT;CLM;60;0.000;0.608;0.000;0.392;T;0.392;0.483;0.477;-0.014;-;-;,
rs13392272;chr02;21217490;-;C;C;CT;MXL;66;0.000;0.652;0.000;0.348;T;0.348;0.545;0.454;-0.201;-;-;,
rs1532624;chr16;57005479;CETP;G;G;CA;Population Set 1;126;0.361;0.639;0.000;0.000;A;0.361;0.421;0.461;-;0.011;0.006;,
rs1532624;chr16;57005479;CETP;G;G;CA;CLM;60;0.308;0.692;0.000;0.000;A;0.308;0.417;0.427;0.023;-;-;,
rs1532624;chr16;57005479;CETP;G;G;CA;MXL;66;0.409;0.591;0.000;0.000;A;0.409;0.424;0.483;0.123;-;-;,
rs2126259;chr08;9185146;-;A;G;TC;Population Set 1;126;0.000;0.758;0.000;0.242;T;0.242;0.357;0.367;-;0.068;0.036;,
rs2126259;chr08;9185146;-;A;G;TC;CLM;60;0.000;0.875;0.000;0.125;T;0.125;0.250;0.219;-0.143;-;-;,
rs2126259;chr08;9185146;-;A;G;TC;MXL;66;0.000;0.652;0.000;0.348;T;0.348;0.455;0.454;-0.001;-;-;,
rs2238675;chr19;19336608;NCAN;C;C;CT;Population Set 1;126;0.000;0.901;0.000;0.099;T;0.099;0.183;0.179;-;0.000;0.000;,
rs2238675;chr19;19336608;NCAN;C;C;CT;CLM;60;0.000;0.900;0.000;0.100;T;0.100;0.167;0.180;0.074;-;-;,
rs2238675;chr19;19336608;NCAN;C;C;CT;MXL;66;0.000;0.902;0.000;0.098;T;0.098;0.197;0.178;-0.109;-;-;,
rs2278426;chr19;11350488;DOCK6,LOC55908;G;G;CT;Population Set 1;126;0.000;0.813;0.000;0.187;T;0.187;0.325;0.303;-;0.044;0.024;
rs2278426;chr19;11350488;DOCK6,LOC55908;G;G;CT;CLM;60;0.000;0.900;0.000;0.100;T;0.100;0.133;0.180;0.259;-;-;
rs2278426;chr19;11350488;DOCK6,LOC55908;G;G;CT;MXL;66;0.000;0.735;0.000;0.265;T;0.265;0.500;0.390;-0.283;-;-;
rs2367970;chr11;116581641;-;G;G;GA;Population Set 1;126;0.270;0.000;0.730;0.000;A;0.270;0.492;0.394;-;0.001;0.000;,
rs2367970;chr11;116581641;-;G;G;GA;CLM;60;0.258;0.000;0.742;0.000;A;0.258;0.483;0.383;-0.261;-;-;,
rs2367970;chr11;116581641;-;G;G;GA;MXL;66;0.280;0.000;0.720;0.000;A;0.280;0.500;0.403;-0.239;-;-;,
rs2472386;chr09;107601541;ABCA1;C;T;GA;Population Set 1;126;0.468;0.000;0.532;0.000;A;0.468;0.508;0.498;-;0.001;0.000;,
rs2472386;chr09;107601541;ABCA1;C;T;GA;CLM;60;0.483;0.000;0.517;0.000;A;0.483;0.600;0.499;-0.201;-;-;,
rs2472386;chr09;107601541;ABCA1;C;T;GA;MXL;66;0.455;0.000;0.545;0.000;A;0.455;0.424;0.496;0.144;-;-;,
rs261334;chr15;58726744;LIPC;C;G;CG;Population Set 1;126;0.000;0.631;0.369;0.000;G;0.369;0.437;0.466;-;0.048;0.025;,
rs261334;chr15;58726744;LIPC;C;G;CG;CLM;60;0.000;0.742;0.258;0.000;G;0.258;0.417;0.383;-0.087;-;-;,
rs261334;chr15;58726744;LIPC;C;G;CG;MXL;66;0.000;0.530;0.470;0.000;G;0.470;0.455;0.498;0.088;-;-;,
rs28526159;chr08;19891227;-;C;T;CT;Population Set 1;126;0.000;0.456;0.000;0.544;C;0.456;0.500;0.496;-;0.000;0.000;,
rs28526159;chr08;19891227;-;C;T;CT;CLM;60;0.000;0.458;0.000;0.542;C;0.458;0.517;0.497;-0.041;-;-;,
rs28526159;chr08;19891227;-;C;T;CT;MXL;66;0.000;0.455;0.000;0.545;C;0.455;0.485;0.496;0.022;-;-;,
rs4791641;chr17;8161149;PFAS;C;C;CT;Population Set 1;126;0.000;0.671;0.000;0.329;T;0.329;0.389;0.442;-;0.012;0.006;,
rs4791641;chr17;8161149;PFAS;C;C;CT;CLM;60;0.000;0.617;0.000;0.383;T;0.383;0.433;0.473;0.083;-;-;,
rs4791641;chr17;8161149;PFAS;C;C;CT;MXL;66;0.000;0.720;0.000;0.280;T;0.280;0.348;0.403;0.136;-;-;,
rs5880;chr16;57015091;CETP;G;G;GC;Population Set 1;126;0.000;0.067;0.933;0.000;C;0.067;0.135;0.126;-;0.001;0.001;,
rs5880;chr16;57015091;CETP;G;G;GC;CLM;60;0.000;0.058;0.942;0.000;C;0.058;0.117;0.110;-0.062;-;-;,
rs5880;chr16;57015091;CETP;G;G;GC;MXL;66;0.000;0.076;0.924;0.000;C;0.076;0.152;0.140;-0.082;-;-;,
rs660240;chr01;109817838;-;A;A;TC;Population Set 1;126;0.000;0.813;0.000;0.187;T;0.187;0.278;0.303;-;0.002;0.001;,
rs660240;chr01;109817838;-;A;A;TC;CLM;60;0.000;0.792;0.000;0.208;T;0.208;0.317;0.330;0.040;-;-;,
rs660240;chr01;109817838;-;A;A;TC;MXL;66;0.000;0.833;0.000;0.167;T;0.167;0.242;0.278;0.127;-;-;,
rs7121538;chr11;14504463;COPB1;A;A;AC;Population Set 1;126;0.889;0.111;0.000;0.000;C;0.111;0.190;0.198;-;0.008;0.004;,
rs7121538;chr11;14504463;COPB1;A;A;AC;CLM;60;0.858;0.142;0.000;0.000;C;0.142;0.217;0.243;0.109;-;-;,
rs7121538;chr11;14504463;COPB1;A;A;AC;MXL;66;0.917;0.083;0.000;0.000;C;0.083;0.167;0.153;-0.091;-;-;,
rs7499892;chr16;57006590;CETP;C;T;CT;Population Set 1;126;0.000;0.857;0.000;0.143;T;0.143;0.238;0.245;-;0.001;0.000;,
rs7499892;chr16;57006590;CETP;C;T;CT;CLM;60;0.000;0.858;0.000;0.142;T;0.142;0.217;0.243;0.109;-;-;,
rs7499892;chr16;57006590;CETP;C;T;CT;MXL;66;0.000;0.856;0.000;0.144;T;0.144;0.258;0.246;-0.045;-;-;,
rs884366;chr06;109574095;-;C;C;GA;Population Set 1;126;0.425;0.000;0.575;0.000;A;0.425;0.516;0.489;-;0.009;0.005;,
rs884366;chr06;109574095;-;C;C;GA;CLM;60;0.375;0.000;0.625;0.000;A;0.375;0.517;0.469;-0.102;-;-;,
rs884366;chr06;109574095;-;C;C;GA;MXL;66;0.470;0.000;0.530;0.000;A;0.470;0.515;0.498;-0.034;-;-;,
rs9282541;chr09;107620835;ABCA1;C;C;GA;Population Set 1;126;0.048;0.000;0.952;0.000;A;0.048;0.095;0.091;-;0.006;0.002;,
rs9282541;chr09;107620835;ABCA1;C;C;GA;CLM;60;0.033;0.000;0.967;0.000;A;0.033;0.067;0.064;-0.034;-;-;,
rs9282541;chr09;107620835;ABCA1;C;C;GA;MXL;66;0.061;0.000;0.939;0.000;A;0.061;0.121;0.114;-0.065;-;-;,
rs7528419;chr01;109817192;-;A;G;AG;Population Set 1;126;0.821;0.000;0.179;0.000;G;0.179;0.262;0.293;-;0.000;0.001;,
rs7528419;chr01;109817192;-;A;G;AG;CLM;60;0.808;0.000;0.192;0.000;G;0.192;0.283;0.310;0.086;-;-;,
rs7528419;chr01;109817192;-;A;G;AG;MXL;66;0.833;0.000;0.167;0.000;G;0.167;0.242;0.278;0.127;-;-;,
rs964184;chr11;116648917;-;G;C;GC;Population Set 1;126;0.000;0.762;0.238;0.000;G;0.238;0.429;0.363;-;0.007;0.004;,
rs964184;chr11;116648917;-;G;C;GC;CLM;60;0.000;0.800;0.200;0.000;G;0.200;0.400;0.320;-0.250;-;-;,
rs964184;chr11;116648917;-;G;C;GC;MXL;66;0.000;0.727;0.273;0.000;G;0.273;0.455;0.397;-0.146;-;-;,
rs1250229;chr02;216304384;-;T;C;TC;Population Set 1;126;0.000;0.806;0.000;0.194;T;0.194;0.325;0.313;-;0.002;0.000;,
rs1250229;chr02;216304384;-;T;C;TC;CLM;60;0.000;0.817;0.000;0.183;T;0.183;0.300;0.299;-0.002;-;-;,
rs1250229;chr02;216304384;-;T;C;TC;MXL;66;0.000;0.795;0.000;0.205;T;0.205;0.348;0.325;-0.071;-;-;,
rs2235776;chr22;44377999;SAMM50;C;C;CT;Population Set 1;126;0.000;0.726;0.000;0.274;T;0.274;0.373;0.398;-;0.010;0.005;,
rs2235776;chr22;44377999;SAMM50;C;C;CT;CLM;60;0.000;0.775;0.000;0.225;T;0.225;0.350;0.349;-0.004;-;-;,
rs2235776;chr22;44377999;SAMM50;C;C;CT;MXL;66;0.000;0.682;0.000;0.318;T;0.318;0.394;0.434;0.092;-;-;,
rs118146573;chr16;57000938;CETP;G;G;GA;Population Set 1;126;0.107;0.000;0.893;0.000;A;0.107;0.214;0.191;-;0.002;0.000;,
rs118146573;chr16;57000938;CETP;G;G;GA;CLM;60;0.100;0.000;0.900;0.000;A;0.100;0.200;0.180;-0.111;-;-;,
rs118146573;chr16;57000938;CETP;G;G;GA;MXL;66;0.114;0.000;0.886;0.000;A;0.114;0.227;0.201;-0.128;-;-;,
rs3902354;chr01;109819296;-;G;G;CA;Population Set 1;126;0.722;0.278;0.000;0.000;C;0.278;0.397;0.401;-;0.004;0.002;,
rs3902354;chr01;109819296;-;G;G;CA;CLM;60;0.692;0.308;0.000;0.000;C;0.308;0.417;0.427;0.023;-;-;,
rs3902354;chr01;109819296;-;G;G;CA;MXL;66;0.750;0.250;0.000;0.000;C;0.250;0.379;0.375;-0.010;-;-;,
rs79236614;chr08;19860460;-;C;-;CG;Population Set 1;126;0.000;0.929;0.071;0.000;G;0.071;0.143;0.133;-;0.006;0.003;,
rs79236614;chr08;19860460;-;C;-;CG;CLM;60;0.000;0.908;0.092;0.000;G;0.092;0.183;0.167;-0.101;-;-;,
rs79236614;chr08;19860460;-;C;-;CG;MXL;66;0.000;0.947;0.053;0.000;G;0.053;0.106;0.100;-0.056;-;-;,
rs28680850;chr08;1373720;-;G;G;GA;Population Set 1;126;0.389;0.000;0.611;0.000;A;0.389;0.429;0.475;-;0.042;0.022;,
rs28680850;chr08;1373720;-;G;G;GA;CLM;60;0.283;0.000;0.717;0.000;A;0.283;0.433;0.406;-0.067;-;-;,
rs28680850;chr08;1373720;-;G;G;GA;MXL;66;0.485;0.000;0.515;0.000;A;0.485;0.424;0.500;0.151;-;-;,
rs78536982;chr06;70182710;-;C;C;CT;Population Set 1;126;0.000;0.921;0.000;0.079;T;0.079;0.159;0.146;-;0.000;0.000;,
rs78536982;chr06;70182710;-;C;C;CT;CLM;60;0.000;0.925;0.000;0.075;T;0.075;0.150;0.139;-0.081;-;-;,
rs78536982;chr06;70182710;-;C;C;CT;MXL;66;0.000;0.917;0.000;0.083;T;0.083;0.167;0.153;-0.091;-;-;,
rs62436827;chr06;167548547;CCR6;A;A;AG;Population Set 1;126;0.909;0.000;0.091;0.000;G;0.091;0.167;0.166;-;0.012;0.006;,
rs62436827;chr06;167548547;CCR6;A;A;AG;CLM;60;0.942;0.000;0.058;0.000;G;0.058;0.083;0.110;0.241;-;-;,
rs62436827;chr06;167548547;CCR6;A;A;AG;MXL;66;0.879;0.000;0.121;0.000;G;0.121;0.242;0.213;-0.138;-;-;,
rs4360309;chr08;126523523;-;C;T;CT;Population Set 1;126;0.000;0.242;0.000;0.758;C;0.242;0.389;0.367;-;0.013;0.006;,
rs4360309;chr08;126523523;-;C;T;CT;CLM;60;0.000;0.292;0.000;0.708;C;0.292;0.483;0.413;-0.170;-;-;,
rs4360309;chr08;126523523;-;C;T;CT;MXL;66;0.000;0.197;0.000;0.803;C;0.197;0.303;0.316;0.042;-;-;,
rs72925845;chr17;76439361;DNAH17;G;G;GA;Population Set 1;126;0.052;0.000;0.948;0.000;A;0.052;0.103;0.098;-;0.002;0.000;,
rs72925845;chr17;76439361;DNAH17;G;G;GA;CLM;60;0.050;0.000;0.950;0.000;A;0.050;0.100;0.095;-0.053;-;-;,
rs72925845;chr17;76439361;DNAH17;G;G;GA;MXL;66;0.053;0.000;0.947;0.000;A;0.053;0.106;0.100;-0.056;-;-;,
rs8102280;chr19;19455750;MAU2;G;G;GA;Population Set 1;126;0.048;0.000;0.952;0.000;A;0.048;0.095;0.091;-;0.009;0.005;,
rs8102280;chr19;19455750;MAU2;G;G;GA;CLM;60;0.025;0.000;0.975;0.000;A;0.025;0.050;0.049;-0.026;-;-;,
rs8102280;chr19;19455750;MAU2;G;G;GA;MXL;66;0.068;0.000;0.932;0.000;A;0.068;0.136;0.127;-0.073;-;-;,
rs780093;chr02;27742603;GCKR;A;G;TC;Population Set 1;126;0.000;0.579;0.000;0.421;T;0.421;0.476;0.487;-;0.007;0.004;,
rs780093;chr02;27742603;GCKR;A;G;TC;CLM;60;0.000;0.533;0.000;0.467;T;0.467;0.533;0.498;-0.071;-;-;,
rs780093;chr02;27742603;GCKR;A;G;TC;MXL;66;0.000;0.621;0.000;0.379;T;0.379;0.424;0.471;0.099;-;-;,
rs2954031;chr08;126491733;-;G;G;GT;Population Set 1;126;0.000;0.000;0.623;0.377;T;0.377;0.548;0.470;-;0.004;0.002;,
rs2954031;chr08;126491733;-;G;G;GT;CLM;60;0.000;0.000;0.592;0.408;T;0.408;0.617;0.483;-0.276;-;-;,
rs2954031;chr08;126491733;-;G;G;GT;MXL;66;0.000;0.000;0.652;0.348;T;0.348;0.485;0.454;-0.068;-;-;,
rs4588572;chr05;77631634;-;A;A;AG;Population Set 1;126;0.540;0.000;0.460;0.000;G;0.460;0.413;0.497;-;0.001;0.001;,
rs4588572;chr05;77631634;-;A;A;AG;CLM;60;0.558;0.000;0.442;0.000;G;0.442;0.417;0.493;0.155;-;-;,
rs4588572;chr05;77631634;-;A;A;AG;MXL;66;0.523;0.000;0.477;0.000;G;0.477;0.409;0.499;0.180;-;-;,
rs11571087;chr01;204126245;REN;T;T;TA;Population Set 1;126;1.000;0.000;0.000;0.000;T;0.000;0.000;0.000;-;0.000;0.000;,
rs11571087;chr01;204126245;REN;T;T;TA;CLM;60;1.000;0.000;0.000;0.000;T;0;0.000;0.000;0.000;-;-;,
rs11571087;chr01;204126245;REN;T;T;TA;MXL;66;1.000;0.000;0.000;0.000;T;0;0.000;0.000;0.000;-;-;,
rs12721308;chr03;148423081;AGTR1;A;A;AG;Population Set 1;126;0.996;0.000;0.004;0.000;G;0.004;0.008;0.008;-;0.006;0.003;,
rs12721308;chr03;148423081;AGTR1;A;A;AG;CLM;60;1.000;0.000;0.000;0.000;G;0;0.000;0.000;0.000;-;-;,
rs12721308;chr03;148423081;AGTR1;A;A;AG;MXL;66;0.992;0.000;0.008;0.000;G;0.008;0.015;0.015;-0.008;-;-;,
rs34052647;chr19;42911769;LIPE;G;G;GA;Population Set 1;126;0.016;0.000;0.984;0.000;A;0.016;0.032;0.031;-;0.000;0.000;,
rs34052647;chr19;42911769;LIPE;G;G;GA;CLM;60;0.017;0.000;0.983;0.000;A;0.017;0.033;0.033;-0.017;-;-;,
rs34052647;chr19;42911769;LIPE;G;G;GA;MXL;66;0.015;0.000;0.985;0.000;A;0.015;0.030;0.030;-0.015;-;-;,
rs10902456;chr12;132330531;MMP17;G;T;GT;Population Set 1;126;0.000;0.000;0.714;0.286;T;0.286;0.429;0.408;-;0.011;0.005;,
rs10902456;chr12;132330531;MMP17;G;T;GT;CLM;60;0.000;0.000;0.667;0.333;T;0.333;0.533;0.444;-0.200;-;-;,
rs10902456;chr12;132330531;MMP17;G;T;GT;MXL;66;0.000;0.000;0.758;0.242;T;0.242;0.333;0.367;0.093;-;-;,
rs1042034;chr02;21225281;APOB;G;A;CT;Population Set 1;126;0.000;0.234;0.000;0.766;C;0.234;0.389;0.359;-;0.009;0.005;,
rs1042034;chr02;21225281;APOB;G;A;CT;CLM;60;0.000;0.192;0.000;0.808;C;0.192;0.317;0.310;-0.022;-;-;,
rs1042034;chr02;21225281;APOB;G;A;CT;MXL;66;0.000;0.273;0.000;0.727;C;0.273;0.455;0.397;-0.146;-;-;,
rs4841132;chr08;9183596;-;A;G;AG;Population Set 1;126;0.179;0.000;0.821;0.000;A;0.179;0.278;0.293;-;0.089;0.050;,
rs4841132;chr08;9183596;-;A;G;AG;CLM;60;0.058;0.000;0.942;0.000;A;0.058;0.117;0.110;-0.062;-;-;,
rs4841132;chr08;9183596;-;A;G;AG;MXL;66;0.288;0.000;0.712;0.000;A;0.288;0.424;0.410;-0.035;-;-;,
rs3208305;chr08;19823648;LPL;A;T;AT;Population Set 1;126;0.706;0.000;0.000;0.294;T;0.294;0.413;0.415;-;0.002;0.001;,
rs3208305;chr08;19823648;LPL;A;T;AT;CLM;60;0.683;0.000;0.000;0.317;T;0.317;0.467;0.433;-0.078;-;-;,
rs3208305;chr08;19823648;LPL;A;T;AT;MXL;66;0.727;0.000;0.000;0.273;T;0.273;0.364;0.397;0.083;-;-;,
rs66462329;chr08;19912060;-;G;G;GA;Population Set 1;126;0.238;0.000;0.762;0.000;A;0.238;0.349;0.363;-;0.004;0.001;,
rs66462329;chr08;19912060;-;G;G;GA;CLM;60;0.217;0.000;0.783;0.000;A;0.217;0.333;0.339;0.018;-;-;,
rs66462329;chr08;19912060;-;G;G;GA;MXL;66;0.258;0.000;0.742;0.000;A;0.258;0.364;0.382;0.049;-;-;,
rs2954038;chr08;126507389;-;C;C;CA;Population Set 1;126;0.730;0.270;0.000;0.000;C;0.270;0.444;0.394;-;0.005;0.002;,
rs2954038;chr08;126507389;-;C;C;CA;CLM;60;0.700;0.300;0.000;0.000;C;0.300;0.567;0.420;-0.349;-;-;,
rs2954038;chr08;126507389;-;C;C;CA;MXL;66;0.758;0.242;0.000;0.000;C;0.242;0.333;0.367;0.093;-;-;,
rs2575876;chr09;107665739;ABCA1;G;G;GA;Population Set 1;126;0.286;0.000;0.714;0.000;A;0.286;0.429;0.408;-;0.017;0.008;,
rs2575876;chr09;107665739;ABCA1;G;G;GA;CLM;60;0.225;0.000;0.775;0.000;A;0.225;0.350;0.349;-0.004;-;-;,
rs2575876;chr09;107665739;ABCA1;G;G;GA;MXL;66;0.341;0.000;0.659;0.000;A;0.341;0.500;0.449;-0.113;-;-;,
rs174537;chr11;61552680;C11orf9;G;T;GT;Population Set 1;126;0.000;0.000;0.413;0.587;G;0.413;0.444;0.485;-;0.071;0.036;,
rs174537;chr11;61552680;C11orf9;G;T;GT;CLM;60;0.000;0.000;0.550;0.450;T;0.450;0.467;0.495;0.057;-;-;,
rs174537;chr11;61552680;C11orf9;G;T;GT;MXL;66;0.000;0.000;0.288;0.712;G;0.288;0.424;0.410;-0.035;-;-;,
rs180360;chr11;116598988;-;T;C;AG;Population Set 1;126;0.647;0.000;0.353;0.000;G;0.353;0.484;0.457;-;0.000;0.000;,
rs180360;chr11;116598988;-;T;C;AG;CLM;60;0.642;0.000;0.358;0.000;G;0.358;0.483;0.460;-0.051;-;-;,
rs180360;chr11;116598988;-;T;C;AG;MXL;66;0.652;0.000;0.348;0.000;G;0.348;0.485;0.454;-0.068;-;-;,
rs3135506;chr11;116662407;APOA5;G;G;GC;Population Set 1;126;0.000;0.087;0.913;0.000;C;0.087;0.175;0.159;-;0.005;0.002;,
rs3135506;chr11;116662407;APOA5;G;G;GC;CLM;60;0.000;0.067;0.933;0.000;C;0.067;0.133;0.124;-0.071;-;-;,
rs3135506;chr11;116662407;APOA5;G;G;GC;MXL;66;0.000;0.106;0.894;0.000;C;0.106;0.212;0.190;-0.119;-;-;,
rs662799;chr11;116663707;APOA5;G;A;GA;Population Set 1;126;0.861;0.000;0.139;0.000;G;0.139;0.262;0.239;-;0.003;0.002;,
rs662799;chr11;116663707;APOA5;G;A;GA;CLM;60;0.883;0.000;0.117;0.000;G;0.117;0.233;0.206;-0.132;-;-;,
rs662799;chr11;116663707;APOA5;G;A;GA;MXL;66;0.841;0.000;0.159;0.000;G;0.159;0.288;0.268;-0.076;-;-;,
rs35853021;chr15;58680643;-;G;G;GT;Population Set 1;126;0.000;0.000;0.659;0.341;T;0.341;0.476;0.450;-;0.005;0.002;,
rs35853021;chr15;58680643;-;G;G;GT;CLM;60;0.000;0.000;0.625;0.375;T;0.375;0.550;0.469;-0.173;-;-;,
rs35853021;chr15;58680643;-;G;G;GT;MXL;66;0.000;0.000;0.689;0.311;T;0.311;0.409;0.428;0.045;-;-;,
rs8033940;chr15;58724842;LIPC;G;A;GA;Population Set 1;126;0.480;0.000;0.520;0.000;A;0.480;0.468;0.499;-;0.069;0.035;,
rs8033940;chr15;58724842;LIPC;G;A;GA;CLM;60;0.342;0.000;0.658;0.000;A;0.342;0.483;0.450;-0.074;-;-;,
rs8033940;chr15;58724842;LIPC;G;A;GA;MXL;66;0.606;0.000;0.394;0.000;G;0.394;0.455;0.478;0.048;-;-;,
rs247617;chr16;56990716;-;C;C;CA;Population Set 1;126;0.274;0.726;0.000;0.000;A;0.274;0.421;0.398;-;0.016;0.008;,
rs247617;chr16;56990716;-;C;C;CA;CLM;60;0.217;0.783;0.000;0.000;A;0.217;0.400;0.339;-0.178;-;-;,
rs247617;chr16;56990716;-;C;C;CA;MXL;66;0.326;0.674;0.000;0.000;A;0.326;0.439;0.439;0.000;-;-;,
rs11076175;chr16;57006378;CETP;A;A;AG;Population Set 1;126;0.865;0.000;0.135;0.000;G;0.135;0.222;0.233;-;0.000;0.000;,
rs11076175;chr16;57006378;CETP;A;A;AG;CLM;60;0.867;0.000;0.133;0.000;G;0.133;0.200;0.231;0.135;-;-;,
rs11076175;chr16;57006378;CETP;A;A;AG;MXL;66;0.864;0.000;0.136;0.000;G;0.136;0.242;0.236;-0.029;-;-;,
rs5883;chr16;57007353;CETP;C;C;CT;Population Set 1;126;0.000;0.964;0.000;0.036;T;0.036;0.056;0.069;-;0.000;0.001;,
rs5883;chr16;57007353;CETP;C;C;CT;CLM;60;0.000;0.958;0.000;0.042;T;0.042;0.050;0.080;0.374;-;-;,
rs5883;chr16;57007353;CETP;C;C;CT;MXL;66;0.000;0.970;0.000;0.030;T;0.030;0.061;0.059;-0.031;-;-;,
rs16942887;chr16;67928042;PSKH1;G;G;GA;Population Set 1;126;0.159;0.000;0.841;0.000;A;0.159;0.254;0.267;-;0.002;0.001;,
rs16942887;chr16;67928042;PSKH1;G;G;GA;CLM;60;0.175;0.000;0.825;0.000;A;0.175;0.283;0.289;0.019;-;-;,
rs16942887;chr16;67928042;PSKH1;G;G;GA;MXL;66;0.144;0.000;0.856;0.000;A;0.144;0.227;0.246;0.078;-;-;,
rs1800961;chr20;43042364;HNF4A;C;C;CT;Population Set 1;126;0.000;0.964;0.000;0.036;T;0.036;0.071;0.069;-;0.011;0.007;,
rs1800961;chr20;43042364;HNF4A;C;C;CT;CLM;60;0.000;0.942;0.000;0.058;T;0.058;0.117;0.110;-0.062;-;-;,
rs1800961;chr20;43042364;HNF4A;C;C;CT;MXL;66;0.000;0.985;0.000;0.015;T;0.015;0.030;0.030;-0.015;-;-;,
rs12740374;chr01;109817590;-;G;G;GT;Population Set 1;126;0.000;0.000;0.821;0.179;T;0.179;0.262;0.293;-;0.000;0.001;,
rs12740374;chr01;109817590;-;G;G;GT;CLM;60;0.000;0.000;0.808;0.192;T;0.192;0.283;0.310;0.086;-;-;,
rs12740374;chr01;109817590;-;G;G;GT;MXL;66;0.000;0.000;0.833;0.167;T;0.167;0.242;0.278;0.127;-;-;,
rs668948;chr02;21291529;-;G;A;GA;Population Set 1;126;0.841;0.000;0.159;0.000;G;0.159;0.238;0.267;-;0.012;0.006;,
rs668948;chr02;21291529;-;G;A;GA;CLM;60;0.800;0.000;0.200;0.000;G;0.200;0.233;0.320;0.271;-;-;,
rs668948;chr02;21291529;-;G;A;GA;MXL;66;0.879;0.000;0.121;0.000;G;0.121;0.242;0.213;-0.138;-;-;,
rs934197;chr02;21267461;APOB;G;G;GA;Population Set 1;126;0.298;0.000;0.702;0.000;A;0.298;0.405;0.418;-;0.012;0.006;,
rs934197;chr02;21267461;APOB;G;G;GA;CLM;60;0.350;0.000;0.650;0.000;A;0.350;0.433;0.455;0.048;-;-;,
rs934197;chr02;21267461;APOB;G;G;GA;MXL;66;0.250;0.000;0.750;0.000;A;0.250;0.379;0.375;-0.010;-;-;,
rs4245791;chr02;44074431;ABCG8;C;T;CT;Population Set 1;126;0.000;0.179;0.000;0.821;C;0.179;0.294;0.293;-;0.005;0.003;,
rs4245791;chr02;44074431;ABCG8;C;T;CT;CLM;60;0.000;0.208;0.000;0.792;C;0.208;0.317;0.330;0.040;-;-;,
rs4245791;chr02;44074431;ABCG8;C;T;CT;MXL;66;0.000;0.152;0.000;0.848;C;0.152;0.273;0.257;-0.061;-;-;,
rs12916;chr05;74656539;HMGCR;T;C;TC;Population Set 1;126;0.000;0.425;0.000;0.575;C;0.425;0.452;0.489;-;0.016;0.008;,
rs12916;chr05;74656539;HMGCR;T;C;TC;CLM;60;0.000;0.492;0.000;0.508;C;0.492;0.550;0.500;-0.100;-;-;,
rs12916;chr05;74656539;HMGCR;T;C;TC;MXL;66;0.000;0.364;0.000;0.636;C;0.364;0.364;0.463;0.214;-;-;,
rs3798168;chr06;160559807;SLC22A1;G;G;CA;Population Set 1;126;0.159;0.841;0.000;0.000;A;0.159;0.206;0.267;-;0.030;0.016;,
rs3798168;chr06;160559807;SLC22A1;G;G;CA;CLM;60;0.092;0.908;0.000;0.000;A;0.092;0.150;0.167;0.099;-;-;,
rs3798168;chr06;160559807;SLC22A1;G;G;CA;MXL;66;0.220;0.780;0.000;0.000;A;0.220;0.258;0.343;0.249;-;-;,
rs2980869;chr08;126488250;-;C;C;CT;Population Set 1;126;0.000;0.567;0.000;0.433;T;0.433;0.548;0.491;-;0.010;0.005;,
rs2980869;chr08;126488250;-;C;C;CT;CLM;60;0.000;0.517;0.000;0.483;T;0.483;0.600;0.499;-0.201;-;-;,
rs2980869;chr08;126488250;-;C;C;CT;MXL;66;0.000;0.614;0.000;0.386;T;0.386;0.500;0.474;-0.054;-;-;,
rs6511720;chr19;11202306;LDLR;G;G;GT;Population Set 1;126;0.000;0.000;0.901;0.099;T;0.099;0.167;0.179;-;0.012;0.006;,
rs6511720;chr19;11202306;LDLR;G;G;GT;CLM;60;0.000;0.000;0.867;0.133;T;0.133;0.200;0.231;0.135;-;-;,
rs6511720;chr19;11202306;LDLR;G;G;GT;MXL;66;0.000;0.000;0.932;0.068;T;0.068;0.136;0.127;-0.073;-;-;,
rs2074304;chr19;19381940;TM6SF2;G;G;GC;Population Set 1;126;0.000;0.044;0.956;0.000;C;0.044;0.087;0.083;-;0.015;0.009;,
rs2074304;chr19;19381940;TM6SF2;G;G;GC;CLM;60;0.000;0.017;0.983;0.000;C;0.017;0.033;0.033;-0.017;-;-;,
rs2074304;chr19;19381940;TM6SF2;G;G;GC;MXL;66;0.000;0.068;0.932;0.000;C;0.068;0.136;0.127;-0.073;-;-;,
rs7412;chr19;45412079;APOE;C;C;CT;Population Set 1;126;0.000;0.929;0.000;0.071;T;0.071;0.127;0.133;-;0.000;0.000;,
rs7412;chr19;45412079;APOE;C;C;CT;CLM;60;0.000;0.925;0.000;0.075;T;0.075;0.117;0.139;0.159;-;-;,
rs7412;chr19;45412079;APOE;C;C;CT;MXL;66;0.000;0.932;0.000;0.068;T;0.068;0.136;0.127;-0.073;-;-;,
rs631106;chr01;62901807;USP1;C;A;CA;Population Set 1;126;0.341;0.659;0.000;0.000;A;0.341;0.349;0.450;-;0.000;0.001;,
rs631106;chr01;62901807;USP1;C;A;CA;CLM;60;0.325;0.675;0.000;0.000;A;0.325;0.383;0.439;0.126;-;-;,
rs631106;chr01;62901807;USP1;C;A;CA;MXL;66;0.356;0.644;0.000;0.000;A;0.356;0.318;0.459;0.306;-;-;,
rs11902417;chr02;21198900;-;G;G;GA;Population Set 1;126;0.254;0.000;0.746;0.000;A;0.254;0.413;0.379;-;0.004;0.002;,
rs11902417;chr02;21198900;-;G;G;GA;CLM;60;0.225;0.000;0.775;0.000;A;0.225;0.350;0.349;-0.004;-;-;,
rs11902417;chr02;21198900;-;G;G;GA;MXL;66;0.280;0.000;0.720;0.000;A;0.280;0.470;0.403;-0.164;-;-;,
rs780094;chr02;27741237;GCKR;A;G;TC;Population Set 1;126;0.000;0.579;0.000;0.421;T;0.421;0.476;0.487;-;0.007;0.004;,
rs780094;chr02;27741237;GCKR;A;G;TC;CLM;60;0.000;0.533;0.000;0.467;T;0.467;0.533;0.498;-0.071;-;-;,
rs780094;chr02;27741237;GCKR;A;G;TC;MXL;66;0.000;0.621;0.000;0.379;T;0.379;0.424;0.471;0.099;-;-;,
rs33951980;chr07;73029437;MLXIPL;C;C;CT;Population Set 1;126;0.000;0.929;0.000;0.071;T;0.071;0.143;0.133;-;0.002;0.000;,
rs33951980;chr07;73029437;MLXIPL;C;C;CT;CLM;60;0.000;0.933;0.000;0.067;T;0.067;0.133;0.124;-0.071;-;-;,
rs33951980;chr07;73029437;MLXIPL;C;C;CT;MXL;66;0.000;0.924;0.000;0.076;T;0.076;0.152;0.140;-0.082;-;-;,
rs10096633;chr08;19830921;-;C;T;CT;Population Set 1;126;0.000;0.881;0.000;0.119;T;0.119;0.222;0.210;-;0.001;0.000;,
rs10096633;chr08;19830921;-;C;T;CT;CLM;60;0.000;0.875;0.000;0.125;T;0.125;0.217;0.219;0.010;-;-;,
rs10096633;chr08;19830921;-;C;T;CT;MXL;66;0.000;0.886;0.000;0.114;T;0.114;0.227;0.201;-0.128;-;-;,
rs60223219;chr08;19881801;-;A;G;AG;Population Set 1;126;0.933;0.000;0.067;0.000;G;0.067;0.135;0.126;-;0.000;0.000;,
rs60223219;chr08;19881801;-;A;G;AG;CLM;60;0.925;0.000;0.075;0.000;G;0.075;0.150;0.139;-0.081;-;-;,
rs60223219;chr08;19881801;-;A;G;AG;MXL;66;0.939;0.000;0.061;0.000;G;0.061;0.121;0.114;-0.065;-;-;,
rs28927680;chr11;116619073;BUD13;G;G;GC;Population Set 1;126;0.000;0.901;0.099;0.000;G;0.099;0.183;0.179;-;0.003;0.001;,
rs28927680;chr11;116619073;BUD13;G;G;GC;CLM;60;0.000;0.917;0.083;0.000;G;0.083;0.167;0.153;-0.091;-;-;,
rs28927680;chr11;116619073;BUD13;G;G;GC;MXL;66;0.000;0.886;0.114;0.000;G;0.114;0.197;0.201;0.022;-;-;,
rs2266788;chr11;116660686;APOA5;C;T;GA;Population Set 1;126;0.865;0.000;0.135;0.000;G;0.135;0.254;0.233;-;0.005;0.003;,
rs2266788;chr11;116660686;APOA5;C;T;GA;CLM;60;0.892;0.000;0.108;0.000;G;0.108;0.217;0.193;-0.121;-;-;,
rs2266788;chr11;116660686;APOA5;C;T;GA;MXL;66;0.841;0.000;0.159;0.000;G;0.159;0.288;0.268;-0.076;-;-;,
rs118029212;chr19;19468260;MAU2;C;C;CT;Population Set 1;126;0.000;0.944;0.000;0.056;T;0.056;0.111;0.105;-;0.014;0.009;,
rs118029212;chr19;19468260;MAU2;C;C;CT;CLM;60;0.000;0.975;0.000;0.025;T;0.025;0.050;0.049;-0.026;-;-;,
rs118029212;chr19;19468260;MAU2;C;C;CT;MXL;66;0.000;0.917;0.000;0.083;T;0.083;0.167;0.153;-0.091;-;-;,
rs58542926;chr19;19379549;TM6SF2;C;C;CT;Population Set 1;126;0.000;0.940;0.000;0.060;T;0.060;0.119;0.112;-;0.000;0.000;,
rs58542926;chr19;19379549;TM6SF2;C;C;CT;CLM;60;0.000;0.942;0.000;0.058;T;0.058;0.117;0.110;-0.062;-;-;,
rs58542926;chr19;19379549;TM6SF2;C;C;CT;MXL;66;0.000;0.939;0.000;0.061;T;0.061;0.121;0.114;-0.065;-;-;,
rs12721054;chr19;45422587;APOC1;A;A;AG;Population Set 1;126;0.992;0.000;0.008;0.000;G;0.008;0.016;0.016;-;0.002;0.005;,
rs12721054;chr19;45422587;APOC1;A;A;AG;CLM;60;1.000;0.000;0.000;0.000;G;0;0.000;0.000;0.000;-;-;,
rs12721054;chr19;45422587;APOC1;A;A;AG;MXL;66;0.985;0.000;0.015;0.000;G;0.015;0.030;0.030;-0.015;-;-;,
rs439401;chr19;45414451;-;T;C;TC;Population Set 1;126;0.000;0.567;0.000;0.433;T;0.433;0.484;0.491;-;0.020;0.010;,
rs439401;chr19;45414451;-;T;C;TC;CLM;60;0.000;0.642;0.000;0.358;T;0.358;0.383;0.460;0.166;-;-;,
rs439401;chr19;45414451;-;T;C;TC;MXL;66;0.000;0.500;0.000;0.500;C;0.500;0.576;0.500;-0.152;-;-;,
